,id,date,dateYear,dateMonth,dateDay,rating,userName,content
0,1,20220805,2022,08,05,1,Brian Jang,"쏠비즈 문제점 1. 로그아웃없이 창 닫으면 ""10분이 지나 다시 앱시작하세요""라는 메세지가 뜨는데 이거 닫으면 새로 시작이 되어야하지만 계속 이메세지 뜸. 결국 휴대폰 새로 리셋시작해야지 됨 겁나 짜증남 2. 입출금 푸쉬메세지에 금액이랑 보낸사람이름 같이 뜨면 좋겠음. 입금내역 확인하러 로그인하기 힘듬."
1,2,20210422,2021,04,22,1,권우정,개인 휴대폰 otp를 사용하고 있는데 솔비즈에 휴대폰 otp 이용등록하려고 하니 개인 opt등록하는 메뉴 자체가 없네요.제조사 선택과 일련번호 넣는 란만 보입니다. 상담원과 통화했는데 방법이 없으니 다음 업데이트때나 가능할거라는 답변만 받았네요. 아주 불편해 죽겠습니다. 휴대폰 기종은 sm-g977n입니다. os버전은 11 입니다.
2,3,20201215,2020,12,15,1,텐배거,"입금내역 푸쉬로 왔을때 메뉴로 이동 누르면 화면 멈추고, 입금자명 없이 금액만 푸쉬로 보내면 푸쉬 기능이 무의미한거 아닐까요? 개인 뱅킹 사용하다 넘어왔는데 쏠 알리미 등록도 안되고, 여러가지 기능들이 너무 불편하네요 일부러 이렇게 불편하게 만들었는지 모르겠지만 이 프로그램 개발 담당 하신분들 보시면 빠른시일내에 개선 부탁드립니다."
3,4,20191126,2019,11,26,1,Google 사용자,"갤럭시S8플러스 입니다. 핸드폰 업데이트 하고나서 V3가 실행이 안된다며 계속 어플이 종료되어 이체를 실행할수 없습니다. 확인하고 고쳐주세요. 그리고 이체금액에 ,(콤마)도 보이게 해주세요. 개인은 엄청 편하고 빠른데 기업껀 왜이리 렉도 많이 걸리고 기능이 다들 불편하게 만들으셨는지 이해가 안되네요..."
4,5,20211216,2021,12,16,5,GigaByte Saint,"아 tlqkf 진짜 거래처 여러건 이체금액 적어놓고 잠깐 기울어졌는지 세로에서 가로화면으로 바뀌면 그동안 저장했던 계좌, 금액, 메모 죄다 없어지는건 뭔 개같은 경우는 폴드3에 있었네? 이게 폰이냐? 앱자체가 세로 고정으로 만들어 놨는데 지들 맘대로 바꾸다니ㅡㅡ 험한 리뷰에 정성스런 답변 감사합니다. 한두번째가 아니라 워낙 흥분했네요. 정상작동 됩니다 :)"
5,6,20200721,2020,07,21,2,코워커,앱이 너무 무겁고 느림. S10쓰고있는데 농담아니고 앱실행시키려고 앱 누르면 정확히 2.5초 뒤에 실행됨. 메모리를 엄청 처먹는건지 앱을 종료시킨 후에도 폰이 버벅거림. 계좌개설할때 가이드가 전혀없음. 약관동의화면을 보려고하면 돋보기로 내용봐야할 정도로 글자가 작게보임. 홈택스에 등록된 인증서가 필요하면 그걸 안내해주던가 대뜸 인증서 입력하라고하면 누가 따라하겠나.
6,7,20210323,2021,03,23,1,Joon Sup Lee,언젠가부터 공인인증서 로그인을 하면 튕겨져 나가고 두번째 로그인을 해야 비로소 정상작동되더니 이제는 앱이 켜지도 않네요. 앱 아이콘 누르자마자 튕겨져서 홈화면으로 가니까.. 중국에서 만드는 킬링타임용 게임도 이것보단 앱 안정성이 높아요.. 금융앱 신뢰도 수준이 이게 뭡니까?
7,8,20200802,2020,08,02,1,Sunny Choi,"최근 몇년간 사용한 앱들 중에서...이렇게 한심한 앱은 처음 봤습니다...이체시 금액 입력이 3초이상 딜레이가 있다는게...이게 무슨... 테스트나 해보고 스토어에 올리는건가요? 개인뱅킹은 다른은행의 오픈뱅킹 대안이라도 있지, 이건 별 대안도 없는데...이렇게 ㅆㄹㄱ로 업데이트를 해놓으면 어쩌라는건가요?... v3 에러는...스토어에서 v3를 다시 설치하려고보니...사용 안함..으로 되어 있어서 '사용'...누르니 되더군요...권한 문제인지... 에휴..."
8,9,20220609,2022,06,09,1,권기성,어제 오늘 한.. 20번 하다가 포기했어요. 신분증 찍으면 계속 성명이 일치하지 않는다고 오류나서 처음부터 다시 하다가 결국 못했어요... 너무 불편하고 안정성이 떨어지는 앱. 예전 답답한 정부 사이트보다도 사용성이나 안정성이나 다 떨어지네요.
9,10,20220314,2022,03,14,2,Taekyu Min,얼마 전부터 단계이동시 버퍼링 및 오류코드 0027이 지속적으로 발생합니다. 그 이전까지 5년 넘게 써오면서 이런 현상이 없었는데 최근 1~2주간 접속시 50프로 이상 확률로 에러가 발생하여 업무를 할 수가 없네요. 참고로 기종은 LG v50s thinq 입니다. 기종에 따른 문제인지 확인 부탁드립니다.
10,11,20220712,2022,07,12,1,Jeyeob Yeon,S21 사용합니다. 여러개의 뱅킹 앱을 쓰지만 이런 쓰레기 앱은 첨이네요. 로그인해서 들어가도 정상 로그인 되었다고만 뜰 뿐 아무것도 조회 안되네요. 몇번 재로그인하면 조회가 되네요.
11,12,20220715,2022,07,15,1,전병완,"다들 *레기라고 하는 이유가 있었네요. Pc에서 스마트폰 인증서 복사 하려는데 스마트폰에 인증번호 숫자가 안 뜨네요. Pc, 스마트폰 둘다 인증번호 빈칸 화면만 나오네요. 나만 그런가? 전에도 시도하다 포기했던 기억이 나는데 아직도 그러네요"
12,13,20220407,2022,04,07,1,이진환,"운전 중 급한 이체건 때문에 휴게소에 주차하고 로그인만 30분 하다가 실패해서, 사무실 컴퓨터 원격으로 접속해서 이체했습니다. 인터넷뱅킹은 거지같아도 이체는 가능했는데, 모바일은 이체도 못하겠네요."
13,14,20220408,2022,04,08,1,Jake Yoo,아 진짜 어플을 병맛으로 만드는것도 한두번이지.. 기업뱅킹 사용하는 사람들 사업하느라 쓰는건데.. 열받아서 쓸수가 없네 도대체 잘되다가 왜 공인인증서 로그인이 안되는거요? 어플을 껐다켜도 계속 이 모양이네 진짜.. -오류내용- 0025 요청하신 거래의 처리중 오류가 발생했습니다. 반드시 거래내역을 확인 후 거래해 주시기 바랍니다. 고객님께서 요청하신 거래를 처리하는 중 오류가 발생하였습니다. 계좌입출금거래의 경우 반드시 처리결과 여부를 확인 후 거래하여 주시기 바랍니다. 이용에 불편을 드려 죄송합니다. 기종 z폴드2
14,15,20220319,2022,03,19,5,MACHO HONEY,"우선 질문에 답변해주셔서 감사합니다. 제가 수정되었음 하는건 체크카드 사용시 앱푸시로 결제액, 결제시간등을 알려주는데 계좌잔액도 함께 표기되었음 한다는 내용이었습니다. 충분히 고려하시어 적용되었음 하는 바램입니다."
15,16,20220726,2022,07,26,1,생쥐,진짜 리뷰 잘 안쓰는데 이건 정말 너무하네요. 몇번을 찍게 하는건지 찍어서 된다고 해도 버퍼링 오래걸리더니 다시 촬영하라고..ㅋ? 아니 이럴거면 앱을 왜 만드나요? 진짜 이렇게 화나긴 처음이네요. 그냥 은행가서 해야겠어요.
16,17,20220725,2022,07,25,1,Sooho Im,어처구니가 없네요 공동인증서를 복사를 완료를했는데도불구하고 막상 로그인할때보면 공인인증서를 인식을 못합니다
17,18,20220523,2022,05,23,1,Jihee Seo,메인화면에서 멈춰서 전혀 작동하지 않네요. 지우고 재 설치해도 그대로에요.
18,19,20220223,2022,02,23,1,신대호,장난하는것도 아니고 핸드폰 봐꾸고 인증서 불러오기 하고 이용기기 등록하라고 나와서 본인 인증이랑 다 했는데 계속 본인 인증 페이지만 무한으로 나오는데 짜증나 죽겠네요 본인인증 30번도 넘게 했네요
19,20,20220429,2022,04,29,1,Wookyeon Jo,제발 개선 좀 해주세요. 몇번쨉니까? 사업자등록 마지막 단계에서 계속 국세청 정보 전달이 원활치 않다고 뜨네요. 개선될 여지가 없는 걸까요
20,21,20210615,2021,06,15,4,KeySung Jung,"문의드립니다. 핸드폰 기기 변경 후 쏠비즈 어플을 변경한 핸드폰에 재설치하였고, 이용기기등록까지 마쳤습니다. 입출금 등 이용에는 아무 문제없으나 입출금 알람이 이전 핸드폰에 뜹니다. 새 폰으로 알람이 오게끔 설정방법 궁급합니다."
21,22,20200823,2020,08,23,1,Yoonhee Jeong,전화문의하니 업뎃전까지 (구)신한기업뱅킹 다운받아 쓰라고 하네요. 업뎃일정은 모른다고 하고요. 문제를 알고 있으면 공지를 하던지 수정이 될때까지 설치파일을 내려놓던지 해야하는게 정상이 아닌가 아쉽네요.
22,23,20200615,2020,06,15,1,윤지영,"V3 업데이트하고 계속 실행시키는데도 되질 않습니다. 이것때문에 외부에서 일처리에 지장이 있을정도에요. 매번 노트북을 들고다닐수도 없고, 제발 처리 좀 해주십시오."
23,24,20200727,2020,07,27,2,김용호,업데이트후 로그인후에 계속 어플이 자동종료됩니다. 업무를 봐야하는데.... 자꾸 꺼져서 몇시간째 업무 진행을 못하고 있습니다. 업데이트 하기전에는 잘됐었는데...;;;;;;
24,25,20201120,2020,11,20,5,Jaehyo Rhee,쏠비즈 앱 겁나 좋구요. 잘만돌아갑니다. 편리하고 가독성도 좋고요. 안된다 멈춘다 하시는분들 핸드폰을 바꾸세요 어플 탓 하지마시고요. 원래 리뷰 잘 안남기는데 멀쩡한 앱 평점테러 당하는게 안타까워서 글 남깁니다. 신한 화이팅
25,26,20210424,2021,04,24,1,안샘물,공인인증서 로그인 하면 무조건 한번 튕기고 재로그인 하면 되는데 그마저도 여러번 시도해야 하는 경우가 많습니다 ~ 간편 로그인 기능도 생겼으면 합니다
26,27,20200801,2020,08,01,1,J J,로그인시 자꾸 이용기기등록을 하라고 창이뜬 후 자동 로그아웃됩니다. 이용기기 등록을 위해 가입절차 받으면 기존등록이용자라고 하면서 진행을 다시 원점화 시킵니다. 똥개 훈련시키는 것 같아서 아주 그냥 신경질이 제대로 납니다. 빨리 오류정정해 주세요.
27,28,20200615,2020,06,15,1,자유인K,잘 되다가 어쩌다 한번씩 V3가 없어서 실핼할 수 없다고 뜨고는 꺼져버리는데.. 이유를 모르겠습니다. 앱 삭제하고 다시 깔면 또 되고.. 어떤 v3가 필요한지 안내를 해주시면 좋겠습니다. 지금 현재는 v3 mobile plus 가 있는데.. 다른 v3가 있어야하는건지..
28,29,20191013,2019,10,13,1,Google 사용자,PC에서 공인인증서 가져오기시에 앱이 종료되는 현상이 있어요. 잘 사용하고 있었는데 인증서 갱신을 pc에서하고 옮기지 못해서 사용을 못하고 있음
29,30,20210420,2021,04,20,1,강동훈,진짜최악의 어플중에 하나네요... 신분증 인증도 잘안되고 모바일otp도 받앗는데 사라지고 재등록 하다 팅겼는데 계속 비대면 실명인증 기록이없습니다 계속되면 로그아웃 후 이용해주세요가 무한반복이네요 오늘 월급날인데....하
30,31,20210909,2021,09,09,1,제임스딘,대출상품 누르고 신청하기 누르면 로그아웃되면서 로그인하라고 뜹니다. 로그인하면 초기화면 나와요. 다시 대출상품 누르고 신청하면 로그아웃되면서 로그인하라합니다. 로그인하면 또 초기화면 뫼비우스의 띠인가 무한반복이네요 정신병걸리면 어플만든사람 고소해도되나요?
31,32,20191129,2019,11,29,3,Google 사용자,앱사용을하면서 불편했던 적은 그리 많지 않았는데 근래들어서 어플 터치를 여러번 반복해야 어플이 실행이 되네요 번거롭네요~
32,33,20220125,2022,01,25,1,S.Y Byeon,"업데이트 이후인가? 계좌나 결재 푸쉬알람을 설정해뒀는데도 알람이 하나도 안와요.. 절전상태 예외로도 뒀고, 권한도 허용 다됐는데 갑자기 알람 하나도 안오니까 너무 불편하네요"
33,34,20210110,2021,01,10,4,M.K kang,법인 입니다. 잘 사용하고 있다가 어느날 갑자기 인증서가 사라졌네요? 그래서 다시 인증서 가져오기를 했는데 몇번을 시도해도 폰에는 가져왔다고 뜨는데 로그인을 하려고 하면 인증서가 없습니다. 방법 제시를 빨리 부탁드립니다.
34,35,20191224,2019,12,24,1,Google 사용자,인증서로그인이 안되요;;폐기도 오류로 안되고ㅠ매번 컴으로만 해야되서 너무 불편해요ㅠ분명 한두달전까지는 폰으로 잘썼는데 갑자기 안되네요ㅠ컴터꺼 다시 폰으로 옮겨서도 해봤는데 안되요ㅠ아 폰은 갤8입니다
35,36,20220524,2022,05,24,1,dowan Kim,"매일 한 번씩은 들어가야하는데, 매번 에러가 납니다. 로그인후 법인 이름이 뜨고 잔액 0원(헉ᆢ)이 보이고 이후 어떤 작업을 해도 에러가 ᆢ정말 돌아버리겠습니다. 이 앱은 대학생이 연습용으로 만든건가요?"
36,37,20220721,2022,07,21,1,준호배,신분증 진위확인이 몇 시간째 안되는중 타사 은행은 그냥 다 쉽게 됐는데 쏠비즈는 절대 안됨
37,38,20200806,2020,08,06,1,Scott Sun,"입출금 내역에 대한 SMS나 카카오톡 공유 기능 좀 추가해 주세요~!!! 모바일앱의 사용 목적이 편의성인데, 다른 은행앱은 물론이고 신한개인뱅킹인 쏠에서도 되는 기본적인 기능도 할 수 없다는게 이해가 안가네요 !!!"
38,39,20210113,2021,01,13,1,이정석,어제 삼성 갤럭시 폴드2 UI 업데이트 후 인증서 없음으로 나와서 이체업무등 휴대폰으로 할 수가 없어요. 다시 Pc ->휴대폰 인증서 복사해도 안나와요. 빨리 고쳐주세요
39,40,20220304,2022,03,04,1,영환김,앱실행하면 계속 튕겨져나오네요 핸드폰 소프트웨어업데이트 이후 이러는거 같은데 앱 개선 계획이 없나요?
40,41,20201211,2020,12,11,1,Bums Lee,"인증서 갱신을 해야하는데 계속 중지됨. 몇번지웠다 깔고 wifi, 5g접속해도 마찬가지. 결국pc로 접속해서 해결함 신뢰가 최고인 은행앱이 정말 한심하네요."
41,42,20200807,2020,08,07,1,이경민,앱 실행하면 안내 나오고 로그인페이지에서 기존고객이냐 아니냐 선택 나오길래 누르기만하면 앱 꺼짐....5번이상 동일해서 열받네요 지우고 새로깔아도 똑같음 벨벳인데.... ㅡ ㅡ'
42,43,20201229,2020,12,29,4,가을하늘,갤럭시 20 안드로이드 업데이트 이후 공인 인증서를 가져오지 못 합니다 이 부분 어떻게 해결 해야 하나요? 앱 제거후 다시 설치 하니 제대로 되네요 ㅜㅜ 계좌이체등 간편한 기능은 전부 모바일로 처리 하고 있습니다 쓸만 합니다
43,44,20210121,2021,01,21,1,권지영,"신한기업 앱이 최근들어 실행하는데 오류가 생겨 계속 앱중단이되서 제대로 사용이 안되네요. 어플상 문제인가요,? 아님 . 외부앱과 충돌이 있어 그런건가요. 무슨 문제인지... 급할때 참...불편하네요."
44,45,20190424,2019,04,24,1,Google 사용자,"아니 어쩔수없이 쓰고있긴한데 노트북은최근입금계좌 검색이되는데 테블릿은 왜 안돼죠?pc버젼도 딱히없고....핸ㄷ,폰에서도 검색 가능하게좀 해줘요핸드폰이든 테블릿이든 좀....ㅡㅡ개불편"
45,46,20201030,2020,10,30,1,joong kyo jeong,초기화면에서 실행이 진행이 안되고 계속 멈춰있네요 제거후 재설치를 진행하여도 똑같은 형식입니다 법인이라 실시간으로 기업비즈로도 사용을 해야하는데 문제가 심각하네요
46,47,20220204,2022,02,04,4,hyoungjong park,"유용하게 잘 사용하고 있습니다. 얼마전부터 입출금 푸쉬가 갑자기 안되네요. 장애조치 중인지 , 설정을 바꿔야 하는지 알려주시길 바랍니다."
47,48,20220408,2022,04,08,3,이상호,업뎃해조 계좌입금 푸시알람이 안되네요 개선바랍니다 이제되네요
48,49,20201104,2020,11,04,1,Minkyung Kim,가입화면중 해외납세자여부확인 페이지에서만 10번이상 에러나서 가입이 불가능함 이메일도 보냈는데 그대로인듯하네요 화가 나서 신한은행은 이용 안하고싶어졌어요
49,50,20200802,2020,08,02,1,윤찬호,기존 기업뱅킹 어플 업데이트 이후 쏠비즈..근데 로그인 하려니 이용기기등록하랍니다. 근데 기기등록하려면 로그인이 되야 하는데 애초에 로그인이 안된다고 뭐 어쩌란겨
50,51,20200319,2020,03,19,1,Google 사용자,"얼마전까지 핸드폰으로 잘되었었눈데, 갑자기 v3를 설치해야된다며 앱을 사용할수가 없네요 v3를 설치하고 작동중인데도 같은 메세지만 뜨고 앱을 이용할수가없어요"
51,52,20210311,2021,03,11,1,애국시민,대출 신청하는데 대출서류 사진으로 첨부할수가 없네요 중간에 저장도 안되고 10장 넘게 사진을 찍어서 첨부해야 하는데 앱닫히면 처음부터 다시해야하고 불편합니다
52,53,20191207,2019,12,07,1,Google 사용자,아니 공인인증서 내보내기로 발급받았는데 (발급완료문구도 나옴) 막상 로그인하려고하면 해당되는 공인인증서없다고 뜨면서 로그인이 안되요 어쩌자는거에요? 핸드폰기종 v40입니다
53,54,20220411,2022,04,11,1,신지훈,아 오류좀 어케 해봐요. 0025 계속 뜨면서 로그인이 안된다구요..바빠죽겠는데 진짜 어플좀 신경쓰세요
54,55,20220426,2022,04,26,1,현영천,별주기도아깝네요.. 로그인하고..안보이는것도한두번이야죠..
55,56,20190524,2019,05,24,3,Google 사용자,잘 사용하고 있기는 합니다만... 고객님께 송금한 화면을 캡쳐해서 보낼 일이 많아요. 왜 캡쳐 기능이 안되는지... 기업 뱅크라면 더 편하게 사용하게 해주세요.
56,57,20210823,2021,08,23,1,J Lee,별하나주기도 아까운 앱. 화상본인인증까지 다하고 서류제출단계전에 오류나서 다시시작하는데 신분증촬영인식이 계속오류. 이걸로 몇시간째 시간허비중.정말 최악의 앱
57,58,20210113,2021,01,13,1,뻘건하늘,PC에세 모바일로 인증서 복사가 안됩니다.여러번 복사과정을 실행해도 휴대폰 쏠비즈에서 인증서 없는것으로 나옵니다.갤럭시20입니다 앱 지우고 재설치하니 인증서 뜨네요
58,59,20200128,2020,01,28,1,Google 사용자,인증서 폰으로 옮겻는데도 왜 로그인시에 인증서가 없다는겁니까? 무슨 어플을 이렇게 만들어놓는거래?아놔 짜증나네 sol 어플은 잘만 되드만 별 하나도 아깝소이다
59,60,20210129,2021,01,29,1,닥맥스터핀스,이용등록을 하려면 신분증 촬영해야하는데 어제부터 백만번 찍었는데 계속 인식할수없데요ㅜㅜ 이용등록이 안돼서 못쓰고있음....
60,61,20220203,2022,02,03,5,찌하유,Z플립3 인데 안드로이드 12 업데이트 이후로 계좌푸쉬 알림이 오지 않습니다. 어플을 삭제하고 재설치도 해보았고 모든 권한도 허용했는데 되지않네요.
61,62,20210720,2021,07,20,1,박경배,대출이자납입확인서 다운받는 화면에서 계속 멈춤 가입도 잘 안돼서 겨우 했는데 이렇게 어플이 안될 수가 있는지요!
62,63,20200730,2020,07,30,1,추창엽,"업데이트 이후에 로그인이 안됩니다~ 공인인증서 지웠다가 새로 깔아보고, 이것저것 다해봤는데 안됨... 아-짜증나"
63,64,20201207,2020,12,07,1,빠싱고래,지 마음대로 꺼지고 멈추고 안 넘어가고 쏠 개인뱅킹과는 앱 완성도에서 큰 차이를 보이네요. 시정 조치 바랍니다.
64,65,20210128,2021,01,28,5,백정윤,요즘같은때 은행 방문필요 없이 가입하고 계좌만드니 좋은듯 합니다 은행업무도 손쉽게 볼 수 있어서 좋아요 가끔 오류가 있지만 수정이 빨라서 좋네요
65,66,20210325,2021,03,25,1,manager lee,군인일때 부터 나라사랑카드로 신한은행 쓰다가 전역하고 10년을 쭉 쓰면서 폰뱅킹이나 어플 쓰는데에 불편함이 하나도 없어 새로 사업시작하면서 당연히 신한은행으로 사업용 통장을 만들었는데 일반 쏠 과는 정반대로 너무 불편합니다. 프로그램 로그인도 잘안되고 조회도 잘안되요 잘되는게 없음. 신한 사업용 계좌 없애버리고 싶을 정도입니다
66,67,20200103,2020,01,03,3,Google 사용자,"신한S기업뱅크에서는 전자세금계산서용 공인인증서를 발급할 수 없다고 하는데, 기업뱅킹앱은 찾아봐도 없는거 같네요. 모바일로는 안되는건가요?"
67,68,20200410,2020,04,10,1,Google 사용자,오류가 계속나고 느리고 쓰기 불편함 개선할게 한두개가 아니고 일단 너무 오류가 심함 화딱지가나서 엄한 핸드폰만 2개 박살냄 조만간 다른은행 기업통장으로 갈아타겠음
68,69,20201216,2020,12,16,5,김은경,가끔 튕기거나 멈추는거 빼고는 웬만한거는 모바일로 다 되니 급하게 모바일로 사용하기 편하네요 ~~
69,70,20200921,2020,09,21,1,핫해치,실행도 안되는 어플을 어휴. 신문지면광고비로 어플개발이나 다시하세요.
70,71,20211201,2021,12,01,1,건빵,공인인증하고 들어갔는데 자꾸 로그인 오류 나면서 어플 완전히 종료하고 재진입해서 다시 공인인증 해야 제대로 로그인되는데 빨리 조치좀요ㅡㅡ 귀찮아 죽겠어요 로그인하나 제대로 못만드나요?
71,72,20201124,2020,11,24,5,망통,로그인 빠르고 쉬워서 좋고 간편이체로 편하게 이체 할수 있어서 자주 이용중입니다.
72,73,20200813,2020,08,13,1,JONGWOO LEE,V3설치필수? 설치해도 계속 튕기더니 이제 실행도 안됨. 삭제함. 예전 S기업뱅크는 왜 슬쩍지우고 이게 설치되어 있는건지. 쓸데없는 재주는 부리지 말고 좀 안정성 확보하고 홍보를 하세요
73,74,20220204,2022,02,04,3,최유리,입출금알람이 안오네요 어플도 삭제후 재설치했는데 전혀 알람이 오질않고있어요 입출금알람이 중요한데 하루에 몇번씩 들어가서 직접확인해야하니 너무 불편하고 번거롭네요 저는 입출금알람 때문에 사용하는거라.. 개선안될까요?
74,75,20210115,2021,01,15,1,Young DK,"진짜 렉도 심하고, 느리고, 중간에 꺼지고, 서버 불안정 개선이 필요해보이네요"
75,76,20200419,2020,04,19,1,Google 사용자,신한 솔처럼 업그레이드 안해주시나요. 개반한지 오래되어서인지 겁나게 느리고 오류도 많습니다...
76,77,20211121,2021,11,21,1,Sunny Park,공인인증서 로그인을 해도 계좌정보를 볼 수도 없고 두세번은 다시 로그인해야 정상적으로 이용이 가능해 몹시 불편합니다...
77,78,20200805,2020,08,05,1,Kim Dickie,신분증 인증이 안됨. 운전면허르 10번넘게 시도했으나 결국 안됨. 프로그래머는 자극좀 받아야할듯.
78,79,20190909,2019,09,09,1,Google 사용자,컴퓨터에서는 간편조회가 되는데 왜 태블릿과 핸드폰에서는 안되는지 공인인증서 없이 핸드폰에서도 간편조회되게 해주세요.
79,80,20200810,2020,08,10,1,Sean Kim,업데이트후 실행안되고 튕깁니다. 기업용은 안정성이 최우선 아닌가요
80,81,20200720,2020,07,20,5,Kyu Chul Lee,화면도 깔끔하게 바뀌고 편리한 기능도 많아진듯. 👍
81,82,20200724,2020,07,24,1,최지희,"적응할만하면 포맷바꾸고, 또적응할만하면바꾸고. 진짜 이용하다화나서 리뷰남깁니다."
82,83,20220128,2022,01,28,3,gw Bae,노트20울트라 안드로이드12 ui4 업데이트이후 입출금 알림이 오지 않네요 지우고 다시 깔아도 그렇고 권한도 모두 허용해도 안되네요 해결 방법이 있나요?
83,84,20210204,2021,02,04,1,진 JIN현철 HYUNCHUL,로그인이 계속 안되네요. 시간내에 계약금도 못넣어 파기되고..제발 금융쪽 서비스면 특히 이런 에러가 나지않게 각별히 신경쓰세요.
84,85,20220704,2022,07,04,1,숭이숭이,진짜 최악의 어플중의 어플 신분증 진위 확인창에서 안넘어감 이틀째 계속 똑같음 왜 이따구로 만들었는지 진짜 이해가 안감. 스마트폰으로 업무보지말고 은행으로 오라고 일부러 그러는것같음 진짜 시간만 날림
85,86,20210607,2021,06,07,1,Park JungKyu,주민등록 인증 비대면인증 최악.. 설명도 부실 미디어 볼륨을 올리라는 설명이라도 해야죠.. 겨우연결되면 화면 안나오고.. 휴대폰 인증은 메시지도 안오고.. 이게 장난으로 만든것도 아니고.. 대체 몇시간을 날리는지.. 고소하고싶다 진짜!!!
86,87,20200906,2020,09,06,1,두두tv,잘 되던 어플이 갑자기 V3 안깔려져 있다고 실행이 안됩니다. 혹시나 싶어 전부다 지우고 다시 깔아도 마찬가지네요 ㅡㅡ
87,88,20220117,2022,01,17,1,보리애비,비대면 인식 방식에 문제가 있습니다 신분증 촬영을 몇번을 해야하는건지 인식률 고쳐놓으세요
88,89,20210224,2021,02,24,5,박양규,계속 pc로만 쓰다가 외부일이 많아져서 앱일 받는데 이동하면서 거래내역을 확인할 수 있어서 좋네요
89,90,20200925,2020,09,25,1,이근식,공인인증서 갱신후 인증서 로그인 하면 계속 앱이 중지되고 다시 깔아도 계속 중지됨..^^;; 제발 수정좀 해주세요..
90,91,20220726,2022,07,26,1,김지현,되지도 않는 앱.... 개선좀 하세요
91,92,20200506,2020,05,06,1,고대욱,안드로이드 소프트웨어 업데이트후 v3가 실행되지않아 앱을 실행할 수없답니다. 실행이 안돼요
92,93,20200721,2020,07,21,2,고영일,다 좋아졌는데 지문등록하니 이용기기가 아니라고 등록하라네요. 이미 등록된 기기인데... 어찌해야할까요?
93,94,20200810,2020,08,10,1,허인교,갑자기 잘 설치되어있는 V3가 실행돼지 않는다고 앱이 열리지 않네요 지난주까지 잘 사용했는데 없으면 설치화면으로 이동해서 설치를 유도하던지 무조건 웝만 안돼니 어떻게 믿고 사용하겠어요 조치사항 알려주세요
94,95,20200827,2020,08,27,1,김동우,잘 사용했었는데 지난주부터 v3설치하라고 하며 그냥 꺼짐. 다른 앱도 아니고 금융회사 앱을 이 모양으로 관리하다니 참 대단함. 별 하나도 아까움
95,96,20200308,2020,03,08,1,Google 사용자,갤럭시s10 입니다. v3구동이 안된다고 앱이 실행되지 않습니다.
96,97,20220103,2022,01,03,1,•_• Forest,영문성과 영문이름을 영어로만 기재해도 인식을 못하네요
97,98,20220408,2022,04,08,1,David Ji,"업데이트 이후 접속 에러가 너무 나요. 시간 소모, 불편한점을 은행 책임자는 아시나요?"
98,99,20220411,2022,04,11,1,앤리치,에러코드0025 발생하면서 로그인이안됩니다
99,100,20220410,2022,04,10,1,푸드마스터,이건 별반개 주기도 아까움.진짜 그냥튕기고 할말이 없는앱 .앱개발 아무나 하는구나
100,101,20200818,2020,08,18,1,daniel na,실행시 v3 구동안된다고 합니다 어떤 v3를 설치해야 하나요.? 노트9 안드로이드 입니다
101,102,20220424,2022,04,24,1,생활일상,너무안된다 인증서도 보내기도안된다
102,103,20210429,2021,04,29,1,신석,푸시알람 안됩니다 고객센터와 통화에서도 해결하지 못했고요 하 답답합니다~~
103,104,20200917,2020,09,17,1,안희진,정말 불편하네요... 최악 중의 최악. 알기 쉽게 해두지도 않고 자기들만 아는 단어로... 거래하기 싫은데 어쩔수없이 거래하는 은행이라 거래하는데 정말 불편해요. 기업뱅킹 중에서 최악! 거래내역 검색하는데 과거순이 왜 뒤죽박죽인가요? 앱 관리나 개발에 투자를 하긴 하나요? 상담원분들은 문의를 해도 알지도 못하고... 진짜 거래하기 싫은데 어쩔수없이 거래하는 은행입니다.
104,105,20200924,2020,09,24,1,이정환,계속 v3설치전에 구동안된다고만 뜹니다. 설치되어있음에도 기존엔 잘되다가 오늘계속 그러네요
105,106,20200826,2020,08,26,1,조춘희,이 어플때문에 멀쩡하던 쏠 어플도 실행이 안되고 신분증확인한다며 내 시간만 잡아먹고 있음 도데체 왜 만들어서 ..
106,107,20200727,2020,07,27,1,정범석,별0점을 줄수없다는게 아쉽네요 업데이트이후 로그인도안됨ㅡㅡ 신한기업뱅킹통장만 10개가넘는데 어쩌라는건지 다갈아타야될듯
107,108,20220411,2022,04,11,1,Donghyun Kim,인증서 pc에서 받아서 로그인하려니까 025 에러뜹니다 빨리 답변하시기바랍니다
108,109,20220123,2022,01,23,1,Hyemi Lee,정말 후졌어요 사용도 불편. 얼마전 국세 납부 오류후 개선 전혀 안되고있습니다 어쩔수 없이 씁니다 이것때문에 은행 옮기고 싶어요. 이 사업자 없애면 이제 신한은행 이용 안합니다. 우리은행 앱 좀 보고 배우세요
109,110,20200809,2020,08,09,1,공작,업뎃 하고 종료 메시지만 뜨고 할 수 있는게 없네요 원복 하시던가 수정 해주세요
110,111,20220412,2022,04,12,1,김진영,로그인 오류 며칠째인가요ㅠ 해결부탁드려요
111,112,20200924,2020,09,24,1,jang ho park,다운로드는 되지도 않고 하루종일 기다리는데 뭐하는짓인지 이해가않감
112,113,20190326,2019,03,26,1,Google 사용자,업무에 큰 불편을 주네요. V3 이 깔리지않아서 안된다고 자꾸 꺼져요. 빨리 고쳐줘요
113,114,20200724,2020,07,24,1,Choi Kumi,인증서 오류 반복으로 로그인불가.속도 너무 느림
114,115,20220208,2022,02,08,2,HD Kim,안드로이드 업데이트 후에 입출금 알림이 안 옵니다
115,116,20210107,2021,01,07,2,마루치,공인인증서를 인식하지못하고있어 pc로 사용중입니다. 개선해주세요
116,117,20200721,2020,07,21,2,최승웅,새로 바뀐 뒤로 렉이 너무 심하네요.. 개선 안되면 주거래 은행 바뀌고 싶을정도로 렉 심함 ㅠ
117,118,20200601,2020,06,01,1,찌니아빠,V3 에러나 잡고 돈벌궁리좀 하시죠? 서비스 하나 제대로 못하면서 뭐하는 시츄에이션이죠?
118,119,20191112,2019,11,12,1,Google 사용자,자꾸 v3 안되면 안된다고 화면이 꺼짐.
119,120,20210728,2021,07,28,1,무소칸,진짜최악 계속하얀화면에 아무것도 안나옴 은행어플이러기쉽지않은데 최악입니다
120,121,20190425,2019,04,25,1,Google 사용자,인증서 열번을 넘게 복사해도 앱 내에서 읽지를 못함. 앱을 쓰라는 건지 말라는 건지?
121,122,20200602,2020,06,02,1,파로호,"잘되다 v3가 안깔렸다니? 이게 왠일인가요? 개인 뱅킹은 잘되고 v3도 깔렸는데,"
122,123,20200811,2020,08,11,1,보경,어플을 실행하면 바로 종료됩니다. 업무를 할 수가 없엉ㅅ
123,124,20201004,2020,10,04,1,부현,최악임 폰바꾸고나서부터 작동이 안됨
124,125,20220128,2022,01,28,1,Jinhyeok Jang,영업소에서도 모르고...법인은 매번 서류제출해야한다고 하고
125,126,20210318,2021,03,18,1,좋은제품내채널엔,내가써본 어플중최악 사용도 불편하고 오류나서 튕기고 개선좀 하세요
126,127,20200215,2020,02,15,1,Google 사용자,"이딴 앱좀 만들지마요. 진짜 나가뒤지세요 신한은행 여러분. 당신들이 와이프 얼굴 한 번 더 볼 시간, 주변을 한 번 더 볼 시간을 앗아가고 있는겁니다. 진짜 나가 뒤지세요 지잡 신한 여러분"
127,128,20200806,2020,08,06,1,Jae-Min Shin,정말 쓰레기임 이체금액 입력하는데 버벅거려 잘못 입금함. 이체사고 당하고 싶으면 사용바람. 이 앱 덕분에 주거래 은행 변경 예정임.
128,129,20200819,2020,08,19,1,kings,실행 자체가 안됩니다. 이런 뱅킹앱은 처음 봅니다.
129,130,20211220,2021,12,20,1,김현승,신한은행이 어떡해 된게 1금융건 회사인지 이해가 안가네요..이런 어플조차도 제대로 관리도 안하면서 비대면 신분증 인식이 아예불가능하게 만들어놓코 신분증 인식불가[0003] 오류만 수백번 뜨고 신분증 면허증제시시 본인이미지와 불일치라고 계속 뜹니다. 기업 법인 뱅킹 이용하는데 너무 불편해서 해약해버리고 싶습니다.
130,131,20220710,2022,07,10,1,ohki ohki,암걸릴앱 어쩔수 없이써야하니... 살다살다 이런 앱은 처음
131,132,20211201,2021,12,01,1,JISOUND,개같은 어플이네요 네시간동안 신분증 촬영에 인증에 반복에 반복을 했네.. 기업뱅킹을 이따위로.. 스팸 이나 악성 어플인줄 알았다! 뭐이런 개같은거 만들고 사람 진빠지게 시간 낭비한거 어떻게 보상할거야 욕밖에 안나온다
132,133,20211117,2021,11,17,1,Bum Climer,진짜 평점 잘 안낮추는데 인식률 너무낮음
133,134,20200316,2020,03,16,1,Google 사용자,앱좀 똑바로 만들던가...v3 설치하래서 했는데도 앱이 안열림...아 개발자 정말 답없다...
134,135,20220222,2022,02,22,1,Sang-Hoon Jung,지우고 다시 깔았는데도 입출금 알림 안되요.
135,136,20220504,2022,05,04,1,Lauren Jauregui,비대면인증 5번째 하고있습니다 중간에 저장도 안되서 끊기면 처음부터 해야하네요
136,137,20220330,2022,03,30,1,Charlse Chocolate,로그인조차 안 되네요...
137,138,20211127,2021,11,27,1,김성군,0점없나요. 인증서도 갑자기 안보이고 급여 이체해야하는데 방법이 없어서 KB에서 집금하고 겨우 이체하고 몇시간을 쌩난리를 치게하네요.은행 옮기라고 일부러 앱 망가트린건가요
138,139,20201224,2020,12,24,1,Suho J,너무 에러(강제종료)가 잦습니다.
139,140,20200204,2020,02,04,1,Google 사용자,누가 만들었는지 공인인증서를 스마트폰으로 복사하려면 공인인증서로 로그인을 하게 만들어놨네 얼굴좀 보고싶다
140,141,20210402,2021,04,02,1,서울젠틀맨,이걸 앱이라고 만들었나요? 은행앱이 이 정도라면 실앙입니다. 본인인증 신분증 촬영하는데 빚 반사 하나도 없는데 인증 않돼고. 사이트도 잘 않가고 신한은행 엉망입니다. 돈 벌어서 다 어디다 쓰고 서비스는 빵점이고.
141,142,20220212,2022,02,12,1,soung bag,사용모델 sm-f907n 네트웍크 이상없으며 실행하면 실행조차 않되는 오류 발생합니다. 같은환경에서 다른제품 테스트시 잘 실행됩니다. 모델과 호환성 문제로 보입니다.
142,143,20200724,2020,07,24,1,이정훈,점점 어려워지네요 이제 진짜 입금계좌를 바꿀때가 된듯합니다.
143,144,20200828,2020,08,28,1,슈퍼오리아빵,실명확인도 제대로 안되고 사업자번호 등록 되었다고 나오면서 다른 서비스 이용도 못하고 어떤 멍청한놈이 만들었나 싶네ᆢ 은행에서 어떻게 이따구로 만드냐 ᆢ 센터문의하니 영멉점 가란다ᆢㅋ
144,145,20200725,2020,07,25,1,Kenzie Y,"저 정말 리뷰 안남기는 사람인데요, 진짜 쓰레기입니다. 우리은행으로 회사계좌 전체 옮길겁니다. 업데이트 하자마자 로그인 불가는 고객내보내기 마케팅에 정점을 찍었네요"
145,146,20200808,2020,08,08,1,kweon ho Lee,기존어플이 반응이 없어 삭제후 재설치 했으며 V3모바일플러스도 재설하고 쏠비즈 시작하면 기존고객 또는 법인고객 누르라 해서 누르면 그냥 꺼짐! 골백번 같은 반응!! 법인계좌라서 다른 대안도 없고 미치겠어요 법인계좌를 통째로 바꾸고싶다 진짜!
146,147,20211123,2021,11,23,1,김필성,"아니무슨. 인증번호도 안오나요? 가입할수조차없어요. 자금확인도안되고. 미치겠네. 이래가지고 무슨 kb기업뱅킹을 잡겠다는건지. 이러니. ibk보다도 가입자가 적은거아닌가요? 개인뱅킹은 잘되는데 기업뱅킹은 진짜 hell입니다, 별하나도아깝네요"
147,148,20210711,2021,07,11,1,임혜린,비대면인증 완전 쓰레기 내폰이 이상한거 같아서 동생폰으로 해도 신분증 인증안되고 공동인증서 갱신하기 위해 안보이는 otp카드 재발급받으러 은행갈 시간은 허구헌날 안맞고 모바일otp 발급받으려고 별짓을 다해가며 두시간동안 씨름한 내가 한심하네요 괜한 핸드폰에만 화풀이를 했네요 여기 별점보니 내잘못이 아니란걸 깨달았습니다 아무리 은행어플이여서 보안강도를 위한것이라고 이해할려고 해도 왜 이런식으로 어플을 개발했는지 이해가 안갑니다 그냥 은행가라는거죠????
148,149,20200720,2020,07,20,5,Gyeong Jun Park,업데이트 되고서 깔끔해지고 훨씬 좋아졌네요!!
149,150,20190325,2019,03,25,1,Google 사용자,v3 설치 안하면 안된다는 멘트가 떠서 따로 다운받았는데도 안돼요. v3 검색하면 종류도 몇개 나와요. 필요한 앱이면 연동되서 다운받을수 있게 해주세요 불편하네요!
150,151,20201130,2020,11,30,1,-벗-,서명데이터의 유효기간이 만료되었다란 오류메시지가 뜨면서 인증서갱신 단계 마지막단계에서 처리가 안되는 상황을 한 시간째 반복 중. 폰 기종 v50s thinQ.
151,152,20200225,2020,02,25,1,Google 사용자,폰으로 인증서 로그인 안됩니다 갑자기요? 폰은 갤럭시9 돌겠네요 일을못하네
152,153,20200224,2020,02,24,1,Google 사용자,인증서 복사가 안되서... 급여이체를 할 수가 없는데요;;; 바로 조치좀 해주세요...
153,154,20220125,2022,01,25,3,HANA LEE,계좌 푸시 알림을 설정했는데 알림이 안옵니다 어떻게 해야되나요
154,155,20200725,2020,07,25,3,김효주,깔자마자 오류부터 경험을.. 인증센터 들어갈라도하면 자꾸 튕겨저 나와요 오류수정해주세여
155,156,20200923,2020,09,23,1,이은정,장난하는것도아니고 이용등록하려고 주민등록증 면허증 사진을 백번도 넘게찍었는데 진위여부를 가리지못한다고?
156,157,20210722,2021,07,22,1,개섭,인증서 오류 개심함 사업용으로 쓰는데 이거 때문에 몇날 몇일을 고생
157,158,20200114,2020,01,14,1,Google 사용자,인증서 가져오기했는데 계속 인증서없다고 뜸 뭔오류여!!!
158,159,20200529,2020,05,29,1,John Lee,아니 이체 급해죽겠는데 계속 오류만나고 장난하는것도 아니고
159,160,20201221,2020,12,21,1,Jelo Michelle,공인인증서 pc에서 가져오기햇는데도 공인인증서가없다고뜨네요
160,161,20210512,2021,05,12,1,오래된초보,"쏠비즈 앱을 설치 하려는데 하루종일 ""대기중""이라는 메시지가 뜨고 설치가 안돼요 ."
161,162,20211116,2021,11,16,1,강코흉,신분증 촬영오류 2시간째... 언제쯤 제대로 작동 이될까요?
162,163,20200921,2020,09,21,1,천똑,노트20쓰구있는데 열리지두않아서 짜증나네요 빨리 고쳐주세요
163,164,20200810,2020,08,10,1,Dojai Chung,멀쩡하던 앱이 실행이 안되서 다시 깔아도 안됩니다 무슨 은행앱이 이리 허술한지...
164,165,20200103,2020,01,03,1,Google 사용자,갤럭시9 쓰는사람입니다 V3 설치가되지않아 작동안됩니다 확인부탁드립니다
165,166,20200703,2020,07,03,1,일산붕어,지금v3설치해도 안되고 뭐도 안되고 이게 무슨이유인지요...빠른조치부탁드립다
166,167,20200720,2020,07,20,1,최용호,다시인증기기등록하라함 모바일등록x pc켜야함
167,168,20210109,2021,01,09,1,Joo Il Lee,아놔 갑자기 인증서가 사라지나요? 이체를 못하고 있어요 금융앱이 이러면 안되죠
168,169,20201022,2020,10,22,3,김미령,갑자기 어제부터 입출금 알람이 되지 않습니다 ㅠ ㅠ
169,170,20201016,2020,10,16,1,YUNSEOK LEE,"현재 V3설치를 하지않으면 앱이 실행이 안된다던데, 도대체 무슨 애기인지.. 빨리 조취부탁드립니다. 법인 업무용 어플을 이리 만들어 놓으시면 ㅠㅠ"
170,171,20200807,2020,08,07,1,임홍택,오류가 생겨서 작동을 안함
171,172,20200806,2020,08,06,1,Fadeaway23,앱이 아예 열리지를 않네... 지금 뭐하는 건지!!! 바쁜 중에 기가 막히네... 작은 은행도 아니고...
172,173,20210224,2021,02,24,1,엄정민,계속 먹통입니다. 중요한 은행앱인데... 답답합니다
173,174,20211216,2021,12,16,4,늑대개,"개인사업자로서 여러은행을 사용하는데 통합자금관리로 하나의 앱에서 여러은행,카드사를 조회할수 있는게 무척 좋네요~~~"
174,175,20201229,2020,12,29,5,이지헌,다른데보다는 빨라서 좋네요.. 더 좋게 만들어주세요
175,176,20200701,2020,07,01,1,조건형,인간적으로 안드로이드 버전 오류가 너무 심한거 아닌가요? 다른 은행으로 갈아타야지 안되겠네요
176,177,20220620,2022,06,20,1,Woojin Chun,오류 장난아님....
177,178,20220217,2022,02,17,3,주성진,푸쉬알림시에 입출금자명좀 표시해주세요.. 이거 젤 중요한건데....
178,179,20200812,2020,08,12,1,ZENITH COMPANY,앱을 열수 없네요. 너무 무거운가?
179,180,20200807,2020,08,07,1,윌로우,"앱이꺼지는현상 방복됨,다시까는중ㅜ"
180,181,20211021,2021,10,21,1,조훈희,로그인 오류 자주그래요..
181,182,20220430,2022,04,30,5,윤석조,아주좋아요
182,183,20220125,2022,01,25,1,imu imu,진짜 거지 같네요 ㅋ 은행앱은 왜 하나같이 요모냥이죠? 신분증 정보파악을 못해서 다음으로 넘어가질 않네요...
183,184,20200807,2020,08,07,1,노윤갑,"시작도 안됨, 한심한 앱..!!"
184,185,20220412,2022,04,12,3,박찬웅,0025오류가뜨면서 로그인이 안됩니다.어떻게하나요?
185,186,20200806,2020,08,06,1,김기현,앱이 실행 되지않음
186,187,20200504,2020,05,04,1,안병대,v3 없다고 사용 안됌. 엉망 진창 어플이네 은행을 바꿔야하나
187,188,20201205,2020,12,05,3,시간은간다,설치하고 싶어요...설치가...안도...ㅐ
188,189,20210804,2021,08,04,1,주정호,금융인증서는 사용을 안되네요 기대하고 가입하는데 공동인증서가 없어서 가입을 못하네요
189,190,20200825,2020,08,25,1,Jung Soo Yun,실행도 안되는 쓰레기 앱ㅋㅋ
190,191,20210503,2021,05,03,1,깸또리,푸시알람이 안온다 도대체 왜 안오는건가
191,192,20201205,2020,12,05,1,급성중독,가입진행중 강제종료현상
192,193,20191020,2019,10,20,5,Google 사용자,신한은행 덕분에 잘 사용하고있어요
193,194,20200427,2020,04,27,1,Google 사용자,v3오류로 접속이 안되어 하나은행 쓰는 중
194,195,20200804,2020,08,04,1,문현재,신분증 인식을 50번은 했는데 아직도 못하고 언젠가 되려나
195,196,20220210,2022,02,10,1,황대호,현재 시간 2원10일 오후6시 10분 왜 쏠 비즈앱이 안 열립니까?
196,197,20190805,2019,08,05,4,Google 사용자,잘사용하고 있습니다
197,198,20201231,2020,12,31,3,손원찬,오류여 빨리 해결하세요
198,199,20200808,2020,08,08,1,남혁,켜려고하면 자꾸 튕깁니다
199,200,20200504,2020,05,04,1,Mira Lee,v3를 설치해야 한다고 해서 설치했는데도 계속 안됩니다
200,201,20200605,2020,06,05,1,김지혜,v3오류가 계속떠요 송금해야하는데 ㅜㅜ
201,202,20200809,2020,08,09,2,이주성,작업중단 계속뜹니다 빨리해결해주세요
202,203,20210713,2021,07,13,1,문영식,앱누르면 왜이리느리나요 다은은행앱은 다 누르자마자뜨는데 한 1분이상기다리는듯 후아......
203,204,20200821,2020,08,21,1,dogeee,신분증인증이 죽었다깨어나도안됨 그지같네진짜
204,205,20200721,2020,07,21,5,Hoxy TV,모든기능 다마다마 굳!
205,206,20200914,2020,09,14,1,GITO CO,v3 깔아도 안되고 어쩌라는거임..
206,207,20200727,2020,07,27,1,진선,느리고불편함 실용성 제로
207,208,20210311,2021,03,11,2,올리비아진OliviaJin,잔액보기가 겹쳐 나와서 금액이 안보이네요
208,209,20200809,2020,08,09,1,김연호,계속 튕김 짜증만땅임
209,210,20210323,2021,03,23,1,종이쌤,접속이안됨 급해요 급해 거래처 ㅠㅠ
210,211,20200620,2020,06,20,1,심심쿵,주민등록증 오류떠서 안되네요
211,212,20200529,2020,05,29,1,JUNGWOO LEE,V3백신 설치하라는 오류 해결 좀 하세요!!!!
212,213,20210407,2021,04,07,1,woosoung haa,로긴 잘 안됨
213,214,20200809,2020,08,09,1,TaeGon Song,갤20인데 웹 실행 안됨
214,215,20201221,2020,12,21,1,kim taehyung,일을무슨이런식으로하지 노답이네
215,216,20200810,2020,08,10,1,정상돈,앱이 실행이안되요
216,217,20220125,2022,01,25,1,이정현,신분증 진위여부에서 안넘어감
217,218,20200511,2020,05,11,2,Jungeun Rue,제발 V3 관련 오류 좀 해결해주세요. 법인통장 바꾸고 싶네요. 정말
218,219,20211018,2021,10,18,1,seung oh,신분증 진위여부를 못넘어가요..
219,220,20201008,2020,10,08,1,sw chan,접속이 안되네요
220,221,20220412,2022,04,12,3,김창완,갑자기 안되네요
221,222,20220510,2022,05,10,1,황준하,개같은 앱
222,223,20201114,2020,11,14,1,JI HOO,인터넷 이용등록하는 방법 알려주세요
223,224,20210724,2021,07,24,5,김창기,어제부터 앱이 안 열리네요
224,225,20190726,2019,07,26,5,Google 사용자,타 은행 앱과 비교시 좋음
225,226,20200727,2020,07,27,1,love G,20번 중단되요..ㅜㅜ
226,227,20200922,2020,09,22,1,언제나지금처럼,무개념 알바가 만들 좀비앱. 비추
227,228,20200925,2020,09,25,1,이선욱,v3 있는데 왜 자꾸 받으라는지
228,229,20210302,2021,03,02,5,K그린티,좋은듯요
229,230,20210617,2021,06,17,1,김부각,쓰라고만든거임?
230,231,20200807,2020,08,07,1,Jae Jun Lee,주거래 은행을 바꾸게 만들만한 앱
231,232,20200209,2020,02,09,1,Google 사용자,최악의 어플이다
232,233,20210304,2021,03,04,1,김은하,자꾸랙걸리고쓰기불편
233,234,20201203,2020,12,03,1,리프레인,겁나끊김 ㅡ.ㅡ
234,235,20220317,2022,03,17,1,TAEKWON BAE,쩜쩜
235,236,20211022,2021,10,22,1,망고캣이모,아~~~
236,237,20220204,2022,02,04,5,최영광,Perfect
237,238,20210729,2021,07,29,1,박정민,개같네
238,239,20210514,2021,05,14,4,gr8k,"출시 후 처음 사용해 봤는데 특별한 문제점은 없는 것 같아요. 단, OTP와 보안카드를 혼용해서 사용할 수 있으면 여행이나 출장 시 편리할것 같아요. 21.05.15 현재 업무푸시알림은 수정됐는데, 계좌푸시알림설정은 안되요. 개선바랍니다."
239,240,20200831,2020,08,31,1,KYEONGSU PARK,매우불편
240,241,20200802,2020,08,02,1,대한민국법좆까라그래,돈벌레
241,242,20200720,2020,07,20,5,Taehoe Koo,깔끔하네...
242,243,20190801,2019,08,01,1,Google 사용자,임강혁2
243,244,20180825,2018,08,25,1,Google 사용자,공인인증서 복사가 안 되요 몇번을 시도해도 안 되구요 노트9 입니다 익스11에서 시도했구요 간편복사로도 인증서가 앱에 저장이 안 되네요 빨리 고쳐주시기 바랍니다... 법인 용인데 ...
244,245,20180830,2018,08,30,1,Google 사용자,화면 캡쳐를 막아두면 보안이 향상되나요? 원격지원을 허용으로 해야 화면캡쳐를 풀어주는데 내폰에 접속하는 원격지원 싫고요 원격지원 필요없으니 화면캡쳐나 풀어주세요. 원격지원인지 합법적으로 털어가려는건지 원격지원 싫다고요.
245,246,20180821,2018,08,21,5,Google 사용자,에러발생자주댐
246,247,20180430,2018,04,30,5,Google 사용자,"지난번에 남긴 리뷰를 지워야 또 쓸수 있네요.. 작년에 공과금리뷰를 남겼는데 해결해 주셔서 감사하게 편하게 쓰고 있습니다. PC보다는 
사용하기도 편하고 화면도 보기가 좋아 잘 사용하고 있습니다. 최근에 pc로 스마트폰에서 인증서를 보내려고 하는데 계속 서버와의 통신이 
원활하지 않다고 뜨면서 복사가 안됩니다. 어쩔수 없이 농협기업뱅킹에서 복사를 해서 해결했지만 제가 농협거래를 안했다면 
멘붕아니겠습니까.! 기업인증서는 기업에서만 뜨는것도 너무 불편해요.일반 개인거래에서도 인증서 뜨는게 뭐 대수라고기업에서만 뜨게 
하셨으니.. 이것 수정해주셨으면 좋겠습니다.. 감사합니다"
247,248,20180507,2018,05,07,1,Google 사용자,"공인인증서를 읽지 못합니다. 권한 설정은 저장을 허용하였는데도 읽지를 못합니다. 안드로이드6 마시멜로우 g3 cat6 입니다. 해결책을 
알려주세요."
248,249,20180503,2018,05,03,4,Google 사용자,"계좌푸시알림서비스를 해놓았는데 알림상태창에 뜨긴뜨는데 소리가 안울리네요 볼륨크기 조절하는 것도 찾아봐도없구, 원래 소리는 안나는거에요??"
249,250,20180626,2018,06,26,1,Google 사용자,천 불나서 못쓰겠네
250,251,20180526,2018,05,26,5,Google 사용자,감사합니다
251,252,20180426,2018,04,26,2,Google 사용자,"앱공인인증서로만 로그인되는부분 별로인것같아요. 아이디로 로그인을해서 빠른조회서비스만이라도 가능하게해주면 그 활용이라도 하기위해 설치하고 
사용할텐데..결론은 대표자만 사용가능하지 크게 모바일에 설치해서 좋은점은 없네요. 모바일인만큼 간편하게 처리할수있는 부분들이 추가적으로 
업뎃됐으면 좋겠어요."
252,253,20180228,2018,02,28,5,Google 사용자,계좌푸시알림이 잘되더니 폰변경후 안되네요
253,254,20180315,2018,03,15,2,Google 사용자,계좌 푸시알림이 안옵니다 업데이트 해주세요
254,255,20180228,2018,02,28,3,Google 사용자,계좌푸시알림이 안되요... 수정바랍니다
255,256,20171228,2017,12,28,1,Google 사용자,이체하려는데 비밀번호 입력이 안되네요
256,257,20171016,2017,10,16,1,Google 사용자,뭘켜져야 보던지 말던지하죠 키면 바로 꺼져버리는데 ...
257,258,20171106,2017,11,06,4,Google 사용자,보기좋게 되어있다
258,259,20171007,2017,10,07,1,Google 사용자,"앱 만든다고 고생 하셨는데 그냥 기존에 pc에서 할랍니다. 은행 문덕이 높다는 것 기존 은행 매장에서도 느끼고 엡에서 느낍니다. 리뷰 댓글도 똑 같은 ""건성건성 답답하면 전화를 해라"" 네요. 신한은행 거래 안 할 수도 없구 할려구 하니 참 너무 힘드네요.  로그인 하려면 인증서 어디 있는지 찾지도 못하고 겨우  찾아 인식되서 비번 치면 인터넷 뱅킹 고객 등록 하라고 하고 하다 하다 포기하고  사무실 들어가 pc으로 할랍니다.   그런데 궁금한게 이거 도대체 왜 만든 겁니까? 그리고 잘되다는 사람,  좋다는 사람들은  어떻게 한건지 나원참."
259,260,20170913,2017,09,13,2,Google 사용자,"은행 그많은 돈으로 뭐했냐 ? 인증서 갱신하면 공인인증서 찾지도 못하는 앱 만들고, 전산팀놈들 모조리 짤라야된다.짜증난다 정말"
260,261,20170811,2017,08,11,1,Google 사용자,최악의 쓰레기앱이다. 진짜 인증서갱신할때 계좌비밀번호넣으래서 넣고 정상인증받았는데 인터넷뱅킹할때는 같은 비번인데 비번이틀렷다고 5회오류...허참 쓰레기같은 오류 때문에 은행바꾼다 진짜.
261,262,20170801,2017,08,01,3,Google 사용자,신한s뱅크처럼 UI도 좀 개선해주시고 화면 폰트도 전체적으로 수정해주시면 좋겠어요. 너무 신경 안쓰시는것 아닌가요?
262,263,20170824,2017,08,24,3,Google 사용자,너무복잡함
263,264,20170329,2017,03,29,1,Google 사용자,공인 인증서 등록하고 로그인했더니 등록 고객이 아니라고 하는데 무슨 문제인지요? 기업용
264,265,20170731,2017,07,31,5,Google 사용자,좋아요
265,266,20170309,2017,03,09,1,Google 사용자,잘되던 공인인증서가 왜안되냐구  입금해야되는데 망했네  그지같아서 국민은행으로 갈아타던지 해야지
266,267,20170308,2017,03,08,1,Google 사용자,이체화면이 안넘어가는데 이래서 비지니스 하겠습니까? 오류투성이네 진짜 답답해요
267,268,20170314,2017,03,14,4,Google 사용자,기왕이면 다 알려  줘요
268,269,20170303,2017,03,03,5,Google 사용자,확 바뀌었네요- 기존에 자주 이용하던 기능들 외에 다른 기능들이 많이 생겨 좋네요
269,270,20170302,2017,03,02,5,Google 사용자,디자인이 깔끔하고 좋습니다.  필요했던 기능들이 모두 포함되어 인터넷뱅킹 쓸 필요가 없네요.
270,271,20170302,2017,03,02,1,Google 사용자,다른PC에 로그인 됫다고 안되는데 짜증나게 하네 빨리 복구시키라
271,272,20170303,2017,03,03,5,Google 사용자,새롭게 업데이트가 되었네요 화면이 더 깔끔하고 찾기쉽게 되어있어서 편리합니다 새로운 기능도 결제시 쓸모가 있을것 같아요  수고하셨습니다 ~^^
272,273,20170302,2017,03,02,1,Google 사용자,이체도 안되고 그냥 계속 접속오류만 뜬다 저질 프로그램
273,274,20170302,2017,03,02,5,Google 사용자,S 빌페이 기능 등도 새롭고 디자인도 더 깔끔한 느낌이네요. 앞으로 더 유용하게 잘 사용할 것 같습니다~!
274,275,20170302,2017,03,02,1,Google 사용자,업데이트 이후로 다른PC에서 로그인 되어있다고 이체가 안됩니다. 해킹당한게 아니면 도대체 어디서 로그인 했다는 겁니까? 집에 컴퓨터도 없는데 어이가없네요. 좀 똑바로 업데이트 합시다.
275,276,20170306,2017,03,06,1,Google 사용자,업데이트 이후 프로그램이 무거워져서 제대로 거래조차 할 수 없습니다. 대체 누구를 위한 업데이트입니까?
276,277,20170303,2017,03,03,1,Google 사용자,업그레이드 하고나서 오류. 이체가 되지않습니다. 시스템 확인후 처리요망
277,278,20170302,2017,03,02,5,Google 사용자,일단 디자인이 좋아용 빠르게진행되고 편하네요
278,279,20170302,2017,03,02,5,Google 사용자,새로나온 S-BillPay 좋아보입니다!! 항상 기대에 만족해두는 앱입니다!!
279,280,20170302,2017,03,02,5,Google 사용자,"디자인고 낄끔하고  잘되서 좋아요 , 역시 신한은행 !! 신한은행에서 개인 뱅킹도 이용하는데 앞으로 계속 이용할께요~!"
280,281,20170302,2017,03,02,5,Google 사용자,이전 디자인보다 따뜻한 느낌이 듭니다.깔끔해서 좋습니다.
281,282,20170302,2017,03,02,5,Google 사용자,새로 탄생했네요 최고임다
282,283,20170302,2017,03,02,1,Google 사용자,왜~송금이안돠고 오류가계속나옵니까?
283,284,20170302,2017,03,02,5,Google 사용자,좋구나~
284,285,20170307,2017,03,07,5,Google 사용자,좋아요
285,286,20170302,2017,03,02,5,Google 사용자,이쁘네용
286,287,20170220,2017,02,20,3,Google 사용자,수수료 구분 기장 기능좀 넣어주시면 안될까요... 그렇게 어려운 일이 아닌 것 같은데. 그것만 되면 인터넷뱅킹을 쓸 필요도 없을것 같습니다.
287,288,20170214,2017,02,14,1,Google 사용자,개똥같은 누가만듬? 이걸돈주고만들엇나? 공인인증서인식도못해처먹는 똥같은 이딴걸로서비스를하려고하니 답안나오네
288,289,20170208,2017,02,08,2,Google 사용자,거래내역 조회가 안됩니다.
289,290,20170204,2017,02,04,1,Google 사용자,하나도안됨
290,291,20170118,2017,01,18,1,Google 사용자,앱이 열리지 않으면서 권한 설정이 필요하다고 뜹니다. 열리지도 않는데 어떡해  권한 설정을 하죠?
291,292,20170102,2017,01,02,1,Google 사용자,금융앱이면 대응준비를 미리하던가 5.1 개발자 버전이 언제 풀렸는데 맨날 개털리면서 보안업데이트나 뜬금포 날리고있고 증말 한숨밖에 안나온다
292,293,20161108,2016,11,08,3,Google 사용자,처음 사용자라고 유의사항을 먼저 읽으라는대 무한로딩입니다. 해외니까 밑에처럼 고객센터 연락하라는 매크로 답변 주지마시고 해결 방법 좀 알려주세요. 재설치 해봤습니다. 갤탭 s2입니다.
293,294,20161206,2016,12,06,1,Google 사용자,성공적으로 복사 완료됐다고 해서 로긴하면 인증서가 없습니다.3번째 이러네 개짜증나네요 진찐
294,295,20161220,2016,12,20,1,Google 사용자,"내 계좌 공인인증 비밀번호에  마침표가 들어가는데  마침표 클릭하는게 전혀없내요, 그 흔한계좌 조회를 할수가없내요"
295,296,20161219,2016,12,19,2,Google 사용자,탭에서 왜 자동회전 고정이죠 가로로만보임
296,297,20161111,2016,11,11,3,Google 사용자,특수문자 글자도 안보이고 인터페이스가 전반적으로 바뀌면서 이상합니다 가뜩이나 피싱이나 이상한거 많은데 오류가 있으면 바로바로 수정해주셔야죠 몇일째 로그인 할때 자판이 특수기호 글자가 안보이고 이거 사용해도 되는건지 피싱인지 구분이 안감 제일은행은 보이지도 않고
297,298,20161103,2016,11,03,3,Google 사용자,"버전정보 보면 현재버전 2.1.8, 최신버전 2.1.7 이거 뭐죠? 그리고 이체암호 입력시 특수기호 버튼에 글자 안보입니다"
298,299,20161030,2016,10,30,3,Google 사용자,앱을 실행 시키고 메인화면에서 로그인 버튼만 화면이 전환 되고 모든 버튼을 선택 하여도 화면이 다음으로 넘어가질 않습니다.  삭제 후 새로 설치해도 마찮가지군요.
299,300,20160919,2016,09,19,1,Google 사용자,인증서 관리에는 인증서가 있는데 로그인을 할려고 하면 인증서가 없다고 계속 인증서 재설치를 하라고 나오내요..
300,301,20160921,2016,09,21,3,Google 사용자,언제 업데이트되나요?
301,302,20160531,2016,05,31,4,Google 사용자,어플종료현상있어 오늘 업데이트 되 최신버젼 설치했더니 정상이용되네요 기업s뱅크 이용하시는분들 참고하세요
302,303,20160809,2016,08,09,5,Google 사용자,"자주쓰는계좌관리에서 그룹별로 나누고싶은데 그룹추가는 대체 어디서 하는건가요, 아무리찾아도 그룹추가하는곳을 모르겠어요,"
303,304,20160628,2016,06,28,1,Google 사용자,앱 실행만 될 뿐 그 다음 진행을 할 수가 없습니다. 튕겨서 앱 종료되고 바탕화면 나와버리네요. 앱을 근본적으로 잘못 만드신 것 같습니다만?
304,305,20160824,2016,08,24,3,Google 사용자,"지패드2 8.3사용자입니다. 얼마전까지 잘 사용하고있었는데 로그인 위해 인증서비번 누르면 로그인되었습니다 메세지는 뜨고 그리고는 종료되버립니다. 재설치도 해봤구요, webview? 이것도 재설치 해봤습니다. 마찬가지예요;;"
305,306,20160622,2016,06,22,2,Google 사용자,왜그런지
306,307,20160530,2016,05,30,3,Google 사용자,오늘 말일이라 송금 할 일 산더미인데 이렇게 막혀버리면 어쩌라는 건지요. 공지라도 띄워주시던가요.. 조속히 해결 부탁드립니다.
307,308,20160530,2016,05,30,1,Google 사용자,실행자체가  안됩니다  빠른조치  부탁드립니다
308,309,20160530,2016,05,30,1,Google 사용자,급하게 보내야 되는데 왜이래 사무실에 다시 가야되나요 어서 복구해줘요
309,310,20160530,2016,05,30,2,Google 사용자,앱을 열지 못 하네요~ 급히 보내야할 일이 있는데 못 보내고 있어요~
310,311,20160531,2016,05,31,1,Google 사용자,앱자체가안열려ㅡㅡ 월말인데 이따구로할거야?
311,312,20160530,2016,05,30,1,Google 사용자,월말인데....
312,313,20160301,2016,03,01,1,Google 사용자,인증서 복사 몇번을 했는데 관리 들어가면 있는데 로그인만 하려면 인증서 없다고 나옴~로그인을 해야지 써먹든 말든하죠 이게 쓰라는 어플인지~헐 밑에 글 읽어보니 나같은 증상이 예전부터 있던데 그걸 못잡네요
313,314,20160302,2016,03,02,3,Google 사용자,"금액, 계좌번호 입력시 숫자 두번씩 눌러야함. 매우 불편함"
314,315,20160527,2016,05,27,3,Google 사용자,핸드폰 바꿔서 인증서 까는데 개인은 잘 되는데 왜 기업만 인증서 복사가 안 되는지. 복사 됐다고 로그인하면 다시 복사하라고 나오네요. 짜증.
315,316,20160205,2016,02,05,5,Google 사용자,설치는 오래되었지만  ...  사용안하다가 요즘 많이사용중인데 급할때 편하게 사용중
316,317,20160205,2016,02,05,5,Google 사용자,빠른대처 감사합니다.
317,318,20170302,2017,03,02,5,Google 사용자,많이 깔끔해졌네요...
318,319,20160205,2016,02,05,5,Google 사용자,좋아요
319,320,20151207,2015,12,07,1,Google 사용자,접근이 안됩니다. 인트로에서 멈추네요
320,321,20150519,2015,05,19,1,Google 사용자,빨리 수정해주세요. 그리고 각종 국세 납부 기능이 있었으면 좋겠네요. 그런부분에서는 우리은행앱이 더 좋은 듯합니다.
321,322,20150812,2015,08,12,1,Google 사용자,공인인증서 복사 다섯번했는데도 앱에서 인증서 인식 못함. 인터넷뱅킹으로 하려고 했는데 인터넷에서도 계속 오류. 신한은행 못쓰겠다 정말
322,323,20150403,2015,04,03,1,Google 사용자,무슨 오류인지 잘되던 이체기능이 4월1일이후로 안됩니다.서버와 동신오류라느니 하는 메시지만 뜨고.빨리 고치세요
323,324,20150513,2015,05,13,1,Google 사용자,2달째 재설치 해도 오류 현상 계속됨 아무런 공지도 말도 없으니 은행 맞는지 모르겠네요. 이체는 바로 시작하자마자 들어가면 되는데 조회나 그런건 오류로 안됨.
324,325,20150520,2015,05,20,1,Google 사용자,오류납니다 조회 이체가 안되요 수정 좀 하세요
325,326,20150602,2015,06,02,1,Google 사용자,갤6인데 재설치해도 계속 오류나고 안되요 ㅠㅠ
326,327,20150521,2015,05,21,1,Google 사용자,롤리팝오류현상 엄청오래됐는데 업데이트 안해주나요
327,328,20150625,2015,06,25,1,Google 사용자,오류가 생겨도 업데이트가 없는 버려진 앱
328,329,20151008,2015,10,08,2,Google 사용자,인증서 찾을수 없다고 뜨네요
329,330,20150730,2015,07,30,1,Google 사용자,시도때도 없이 오류.. 특히 이체할때 ㅡㅡ 앱 짜증나서 주 거래 은행 바꿔야겠음..
330,331,20150410,2015,04,10,2,Google 사용자,노트3  롤리팝 버전업하고 안된다는 글이 몇갠데 아직도 수정을 안해주십니까?특히나 일반뱅킹도 아니고 이거 기업뱅킹 아닙니까
331,332,20150603,2015,06,03,1,Google 사용자,로그인도 안되고.. 공인인증센터 누르면 앱이 그냥 죽고.. 이건 뭐 할 수 있는게 없네..
332,333,20150403,2015,04,03,2,Google 사용자,"조회,이체버튼 클릭시오류메세지만 뜹니다.처음설치시 되다가.이제 안되는건왜인지! 빠른수정바랍니다."
333,334,20150331,2015,03,31,2,Google 사용자,조회와 이체가 안됩니다.빨리 업해줘요..ㅠㅠ
334,335,20150608,2015,06,08,2,Google 사용자,계좌상세조회페이지에서 계속 오류가나네요
335,336,20150813,2015,08,13,3,Google 사용자,이체금액입력이 안되네요 저만그런가요
336,337,20150831,2015,08,31,1,Google 사용자,그냥 앱 내려라
337,338,20150724,2015,07,24,3,Google 사용자,빨리좀 고쳐주지
338,339,20150831,2015,08,31,2,Google 사용자,로그인하면뭐합니까 조회누르면 걍 앱자체가종료ㅡㅡ다시깔아봐도그대로네요 짜증남
339,340,20150414,2015,04,14,1,Google 사용자,공지를좀 해놓던지 며칠째인데 장난하는것도 아니고 돈이 오가는 프로그램이 이따구노
340,341,20150904,2015,09,04,1,Google 사용자,인증서 내보내기하면 폰에 인증서보이는데  로그인하면 인증서없다고나오네 개발을하는거야 마는거야???
341,342,20150831,2015,08,31,3,Google 사용자,에러 중복 발생.
342,343,20150406,2015,04,06,1,Google 사용자,롤리팝 조회이체 오류나는거 왜 수정안해주나요? 몇달이 지나도 계속이러네요.  답답하네..
343,344,20150406,2015,04,06,3,Google 사용자,1. 노트3 롤리팝 업그레이드후 조회시 에러메시지가...2. 입출금푸시가 되면 좋겠습니다..
344,345,20150823,2015,08,23,1,Google 사용자,기업뱅크가 이모양이니....
345,346,20150312,2015,03,12,3,Google 사용자,푸쉬서비스는 업나요??
346,347,20150805,2015,08,05,4,Google 사용자,좋음
347,348,20141115,2014,11,15,4,Google 사용자,Pc에서 인증서 가져오기가 안되네요 업데이트 부탁드립니다.
348,349,20140428,2014,04,28,5,Google 사용자,어플 사용이 아주 편해요.
349,350,20140425,2014,04,25,1,Google 사용자,음~          .
350,351,20160415,2016,04,15,5,Google 사용자,계좌이체시 null 오류가 밸생하면서 이체가 안되고 있습니다.
351,352,20140329,2014,03,29,5,Google 사용자,오마이갓! 은행에안가서편하고좋아요~♥
352,353,20140327,2014,03,27,2,Google 사용자,회사특성상 공인인증서가 없는데 컴터에서는 스피드조회가 되는데 왜 휴대폰은 안될까?
353,354,20140213,2014,02,13,4,Google 사용자,굿
354,357,20140116,2014,01,16,5,Google 사용자,이체메뉴에서 7자이상의 메모가 가능하면 더욱 좋겠어요!
355,358,20140116,2014,01,16,1,Google 사용자,터치가안되고 프로그램이 다운도요 몇번 다시설치하니까 되네요
356,359,20140116,2014,01,16,5,Google 사용자,B2B 전자결제도 되는군요!  좋아요^^
357,360,20140116,2014,01,16,1,Google 사용자,"앱이 다운됐나요? 업댓후 안되,,,, 급한데여"
358,361,20140213,2014,02,13,5,Google 사용자,편리해서 좋아요
359,362,20140203,2014,02,03,1,Google 사용자,매우느림
360,363,20131210,2013,12,10,1,Google 사용자,빨리 호환해주세요 너무 불편해요
361,364,20131128,2013,11,28,1,Google 사용자,기업 인증만 된다고 하네요. 테블릿용은 없는가요? 키켓~~
362,365,20131008,2013,10,08,1,Google 사용자,다른분들도 같은 현상이네요 인증서 문제 해결좀
363,366,20131027,2013,10,27,1,Google 사용자,개인뱅킹 무시하시나요 ㅜㅜ
364,367,20130909,2013,09,09,1,Google 사용자,수동이 전혀 안됩니다..
365,368,20131022,2013,10,22,1,Google 사용자,은행 앱이 인증서 오류가 나다니.....  이거 믿고 이용해도 되나요
366,369,20131101,2013,11,01,1,Google 사용자,인증서 오류
367,370,20130115,2013,01,15,4,Google 사용자,"드뎌 기업도 생겼군요~ 조회, 이체뿐이라 아쉽네요"
368,371,20130611,2013,06,11,1,Google 사용자,인증서관리에도 뜨는ㄴ데 정작 다른거할라치면 없다는건 뭐임?
369,372,20130322,2013,03,22,1,Google 사용자,Htc flyer 4g에서 구동이안됨
370,373,20130502,2013,05,02,1,Google 사용자,옵티머스 G 프로 사용하는데 화면이 바뀌면서 프로그램이 다운 되요
371,374,20130730,2013,07,30,1,Google 사용자,인증서 복사 무한 반복
372,375,20150826,2015,08,26,1,Google 사용자,반 년이 다 되어 가도록 해결되지 않는다는 것은 관리가 전혀 되지 않는다는 것일 텐데 신한은행답지 않은 이런 행태는 뭐죠?  오류나고 마음에 들지 않으면 쓰지말라 이건가?
373,376,20170303,2017,03,03,1,Google 사용자,와  인터넷뱅킹해야하는데 계속오류 뜨고 환장하겠네요 인테넷뱅킹말고는 사용 안하는데 어쩌라는건지.... 아 쫌 어떻게좀  해보라고요
374,377,20140105,2014,01,05,1,Google 사용자,"기업용 인증서만 된다는데 발급은 몇십분째 홈페이지에서 찾다가 포기하고 전화해보니, 뭐요? 유료?? 장난합니까 지금ㅡㅡ? 다른 은행 마음에 안든다고 썼는데 날강도였네요. 갈아탈겁니다"
375,378,20130114,2013,01,14,1,Google 사용자,아직 다양한서비스가없어서 많이 아쉽네요
376,379,20170424,2017,04,24,1,Google 사용자,업뎃은 무슨 로그인하고 확인및 송금 하는데 하루 종일 로딩 되고 it강국에 서  있을수도 없는 일이다 금융 폰뱅킹 중 가장 관리않되는 신한이내  콜 쎈터 전화하니 지우고 새로 설치 하라고 처음 부터 업뎃 후 확인하고 서버 안정 화 시키고 상용화해야지 고객이 수수 료 줘가면서 이용 하는게 호구로 보이나 나라에서 부과세 지정 납부 은행이 이따구니 나라에서  신한은행 선정한 거 무슨 유착 관계 있는거 아니가 아 진짜 짜증나네
377,380,20180323,2018,03,23,1,Google 사용자,다운받는데 하루종일 걸립니다
378,381,20141125,2014,11,25,1,Google 사용자,"다운로드, 네트웍접속중만 5분넘게소요되는듯 싶어요 ㅠㅠ"
379,382,20170315,2017,03,15,1,Google 사용자,앱!!!  열리지도 않음.... 평가는 무슨근거로 하남!!  쩝
380,383,20151013,2015,10,13,1,Google 사용자,우씨~~  몇시간째...로그인도 안되고ㅠㅠ
381,384,20190308,2019,03,08,5,Google 사용자,good job
